{
 "são luís do paraitinga|SP": [
  -23.2220531,
  -45.3108444
 ],
 "januário cicco|RN": [
  -6.158053,
  -35.602085
 ],
 "olhos-d'água|MG": [
  -17.3988426,
  -43.5715884
 ],
 "são caitano|PE": [
  -8.3304491,
  -36.135359
 ],
 "augusto severo|RN": [
  -5.862063,
  -37.3134908
 ]
}